id,price
10317868,5665080.875
10885829,5580942.125
10765951,4834721.375
10003549,5270419.125
10663026,2781436.75
10878364,5673616.125
11010960,3606857.0
2796113,3943646.0
10713056,3410569.875
10978982,3676696.5
11033399,5907253.75
10806086,1591386.625
10708676,3548477.25
11010221,2087160.25
7065898,2395806.25
10902554,5350352.75
10980517,2991355.25
11014396,6246392.0
9663197,5815748.5
11008407,3184882.0
11032158,3229957.375
10521705,5629335.75
10357187,3391673.625
9964531,2788690.25
11016254,1518935.625
10897827,3294044.5
10971653,5269493.375
10851751,5241706.5
10614089,6515702.375
10799791,3714717.0
10925824,5320928.625
10609867,5551935.0
10715849,5617740.625
10836932,5440243.375
11030179,5009906.625
10973696,3118958.125
11029504,2067956.75
10865487,5525508.75
10856170,2222945.125
11022786,5888946.875
10989384,5990339.875
10508729,5237356.75
8757687,4051360.75
11023870,2407293.625
10716774,5443043.0
10766426,5717514.625
10661714,5376521.0
10216708,4262695.375
11014086,5806104.5
11031161,5431697.75
11010764,6674416.375
10968744,4104549.125
10924482,3904578.625
10657488,7866999.75
10763402,2960516.0
10959817,1780175.125
10968280,3886057.125
11029679,2850741.0
10563986,6453973.125
10802844,4960891.5
11010588,4013141.0
10841502,2415791.5
10352578,1781492.5
10808054,3813399.125
8766436,6444779.125
10334874,2195294.625
11020868,1893782.0
10937582,6197991.25
10934819,1518085.625
10977511,3548229.125
11032362,6273966.875
10932604,3248163.375
11027013,5727160.375
10932522,2307163.5
8356244,2992041.125
10846564,6194348.625
10995682,4097769.5
10964173,2384803.875
10896235,1799905.375
10873801,2256540.125
10938949,5401061.625
10955219,3212299.75
10866161,2924455.75
10963300,5457510.0
10802501,5427394.5
10149968,1830574.625
10859710,2732638.75
10914214,3801735.5
10570363,3203109.625
10948664,2718899.375
10692762,5343634.0
10631456,2539085.0
10894201,7090871.375
11033680,1598534.0
10871777,5751518.75
10643036,3010251.25
11028263,3630328.625
10674010,5764400.25
10217747,1675263.0
10838219,7797097.25
10265493,2109977.0
11011746,6285238.75
10868737,3525144.75
10936703,4993987.125
10948999,5566655.0
10880167,4726329.125
10885802,7131000.5
10147323,4753769.0
9657586,5209739.375
10934690,3329810.25
10897602,5363484.25
10999692,3620535.875
10954803,6296631.75
10802955,3308631.875
10100372,4319652.875
11024598,5146748.75
10931276,2607775.625
10587841,5658836.75
11028214,6621026.25
10609790,5888032.5
10949384,1224479.125
11012461,4626309.5
11046345,2268870.375
11029643,4834931.25
11003951,2987367.5
8663803,2569297.75
10918429,2292152.75
10935030,4882761.375
10874656,2558307.25
11005848,5623019.875
10149824,2291778.25
10670101,2178176.25
8212121,5554322.375
10932493,3247721.0
10998578,4681938.125
10940004,4794812.625
10736927,7438865.125
10856961,2055194.0
10401147,5744699.375
11034303,2613997.0
10903401,3500736.5
10861272,5686792.25
11033591,5862022.75
8710156,5152216.0
10981235,7668368.5
10895306,2173915.625
11022252,4057102.0
10666780,1961255.875
10887672,4863221.125
10852211,1642814.375
10953795,5229740.75
9610695,10391929.875
10958951,2018368.875
9748213,3689042.125
11010796,4777547.625
11028485,5357435.625
8503318,2682205.75
10813852,7619190.0
11030135,5566198.0
10344760,5918055.75
10689642,4010081.125
11011404,65966.625
11003565,3398691.5
10093159,5443043.0
10932498,3247721.0
10960090,3570340.875
10980023,7377598.25
10906982,3002746.625
10730667,1997756.375
10976761,8032983.875
10989614,4233150.75
10884680,4230667.0
10860993,6274372.75
11031322,3137067.25
10700867,2476482.125
10682909,6123789.25
10912411,2584571.0
10538742,3215850.625
10839919,3351004.25
10923199,4365901.5
10960025,5606454.125
10991970,3359292.25
10666692,5018756.75
10852091,4078881.75
11025604,2021887.5
11008198,2047299.375
9667631,3323612.625
11032849,4695141.0
11004284,5866507.875
10954175,5235038.875
10687714,2005487.125
10824629,2287299.625
10375910,2289319.625
11006418,5028889.5
10313975,1665130.125
10637204,2821176.25
9541379,4792438.125
9029282,2087174.125
10891416,3667355.125
10821047,3600353.375
10823631,3901212.5
11030902,2794166.25
10604539,6968207.0
10984681,1727731.5
10958694,5619051.25
10794118,1518935.625
11025122,3047286.25
10136680,2225442.375
10932595,3186457.5
10870591,6670612.25
10654702,2211051.875
9860841,3145066.75
10958303,2851667.5
10788608,3914772.375
10687629,2947889.625
10652292,1974555.0
8795118,6985684.0
10996940,1726421.5
11031814,5299041.0
10918381,5816925.625
10779428,5902515.25
9507206,5014480.375
9200670,2164492.75
10916361,2535769.5
8773846,4474744.125
10892970,5768470.0
10918818,5310974.25
11018846,4534763.375
10112108,1931332.5
10825477,4899698.5
10645626,3355165.25
10023481,4592156.25
11029590,4262611.375
11007324,7009839.125
10797083,4126432.25
11045262,6115379.625
10672382,3643710.375
10948441,5930243.125
10606718,1827389.875
9947358,903924.375
11034998,6997300.25
11030898,3371816.875
10949065,3041673.75
10942629,1091792.0
11018877,2840884.875
10548429,2960806.625
10284663,2109647.0
11006387,2676806.625
10995486,3128996.75
8503088,3668939.375
10241766,3688445.0
10975003,5850557.75
10525975,2651567.375
9433521,5758859.0
10906178,2230341.0
10847252,1640976.625
10390650,5698816.25
7815502,2016161.5
10935802,6093833.25
10786218,1730189.25
8420240,2778610.5
10879706,4198001.875
10521931,2188074.25
10738206,1427086.5
11011909,3272398.75
10955135,5512417.5
10933058,2674690.5
10939558,2052295.875
11013517,959600.625
10049957,6376915.375
11005245,3185937.0
10976348,2998570.375
10857857,6192858.125
10625472,2162152.75
10940742,5749293.125
10983586,4564411.5
10609460,4242341.5
9193578,4974062.625
10515881,4323810.25
11030309,3166439.375
10326354,6010100.125
10804020,4278723.0
10924949,1392483.0
10075703,4374493.75
10936819,5533387.5
10384373,2154005.125
10698705,4453975.125
11011650,5078292.5
10585847,2110873.375
10315800,4284568.0
10949717,6434278.5
10049960,6376915.375
10842209,5613775.5
10954170,3619368.0
10060570,2820866.75
10927912,4862314.25
10906726,3107476.125
10986369,2391773.125
9943818,6062512.875
10999476,2001919.25
10744646,2109977.0
11032801,3322586.375
10928739,6159682.5
11029700,3275572.0
10360179,2990997.5
10894052,6810349.125
10422961,4304243.125
10817270,5919947.25
11022371,5923203.375
11005368,5397124.875
10945362,4326570.25
10820829,4634794.5
10826588,6264870.5
11032972,1203695.25
10964156,5924114.0
11038801,5360087.375
10525422,3467223.625
9820523,2886459.125
10934692,2164027.125
10977677,1854117.0
10862981,6238195.125
11010941,2627774.5
10698707,1810577.625
11046204,6491848.125
10752731,3486069.25
10452253,3570450.625
11013026,4502909.75
10043313,6256168.5
10767834,4703381.375
10840138,3106495.125
10925790,2662932.75
10909390,5438269.0
10823094,1855235.5
11004654,6533055.25
9019101,3374460.25
10968003,2513306.875
11029658,3368140.5
10273565,2274059.625
11029412,5950331.0
9838958,2662518.5
10935337,2062134.75
11012594,2516221.5
8893447,1566964.125
11007496,4425641.75
10974772,3411896.125
10997186,5769197.5
10750697,5437941.25
10891333,4112784.625
10742201,3480390.375
10849108,5101775.25
10815334,4204879.5
10842402,3379562.0
11032616,5965183.0
10851164,1637304.625
10898176,3104378.125
10907566,4485962.625
10708961,3169365.625
11030065,3923231.375
10705384,7626403.0
10891351,3489157.125
10838382,4899723.875
10611931,6465636.75
10841603,1625243.875
8439211,5043110.0
11016612,2685801.25
10988905,6159687.625
11012939,2598306.25
10979581,3237115.875
10830257,3109605.375
11036542,1313804.0
10904546,1915588.375
8539632,4128443.0
10857215,6162617.875
10541410,2303401.25
10723063,5061885.875
11029649,1946438.5
11029999,2841338.625
10952098,3075983.25
10836208,2393243.5
11022573,2261062.375
10798513,2156117.375
10984356,3329196.875
10745642,6304649.75
10841042,7046373.625
10538365,4953580.875
10897920,1574102.0
11006479,5469116.75
10774899,5759020.0
11001765,3219157.375
11033538,2072951.375
10831725,2809965.0
11044926,5520846.625
10976271,5620144.375
10981556,3369955.0
10961326,4838335.0
10883866,5487221.625
10841901,4539073.0
10693007,5631733.75
10847817,3918918.5
10896856,5973292.625
10784274,1615271.25
10378785,2180330.75
10910362,5693513.875
10923489,4440563.25
10796396,4111281.875
10893036,7869642.375
11011008,7222235.5
10952064,6262316.875
11009697,1870421.375
10308491,5528830.75
11009134,5038493.75
10956663,3150953.375
11043808,1815775.25
11000065,3620519.875
11007409,4843434.75
10328736,3107096.5
6954834,4501539.375
10949562,4585965.125
8889294,3087756.625
10852545,5439401.625
11017010,2093360.625
11001089,5461736.625
10914315,5292140.0
10965478,4151540.0
10819401,1051662.875
10979878,3000429.75
10613706,5496799.0
10763485,2111771.125
10609498,5647635.75
10847829,3444944.625
9716533,6148827.75
10818543,2566142.5
10955543,4922001.75
10914990,7091178.5
10650754,3980933.0
11007835,5583741.0
10986600,2076638.5
10205939,2421762.375
10613818,3952521.875
11028806,1972307.5
10821045,2470490.875
11025719,1827389.875
11027050,2067956.75
11027120,3209155.625
10991121,3005549.125
10615821,5356536.5
10826789,2482635.5
10823501,3480167.875
11031678,2241534.625
10904277,4283833.875
11032345,2368487.375
10790133,2073386.875
8035356,2432841.5
10874651,2506639.625
11010267,4033867.125
10803357,3841650.375
10693203,5902584.625
10927529,853372.25
10965515,3978549.75
10756016,5784834.875
10818159,8918788.125
10927662,4570725.0
10558471,6771614.75
11033496,5619321.625
11002382,4385423.875
10984447,4419960.75
11029759,1780279.75
10619610,6703349.875
10984665,5835370.0
10859925,4489872.0
10750711,4831727.0
11034193,2933154.5
10468221,5127719.25
11029635,2299246.25
9113806,3553689.625
10848057,3916285.375
11030021,2187725.75
10874549,3815989.125
10871719,4141136.875
10648595,2178950.75
10948308,2028876.625
10978564,1592123.75
7559766,1801049.375
5704631,3794681.375
3204311,4024166.75
11028848,3502738.5
10717237,5784422.5
10855877,5554569.625
10904038,4690741.0
11034225,1822837.0
10742964,2236783.375
10737033,6115379.625
10955514,2764239.625
10870666,4341514.125
7846347,1630676.125
10077834,2119004.625
10020769,5140264.75
10406971,3887133.875
10644641,5856724.375
10776176,2497384.25
10789519,4265965.625
10921562,5445898.875
10927184,6005007.625
11021947,3996863.375
10958511,4333851.375
10925633,6278669.75
10613987,6677664.75
10987430,2372121.0
11030594,4167952.5
10951734,4856711.625
10916819,5956204.5
10925164,2257345.125
11025234,2101947.25
9838788,4645642.375
10979378,6287169.0
10852399,6465636.75
10965082,5705644.125
10798315,2240007.625
10666268,2206105.25
10997655,6806620.625
10918750,4341337.5
11028591,5269655.0
10867068,3526170.875
10694259,6788883.5
10821922,3554610.375
11001243,4812447.5
10970970,1707485.75
10814380,5035922.25
10866816,5417208.875
10762038,4471919.875
9267648,2412090.375
10911849,2432752.75
10936519,2325797.25
10924382,7183939.125
10826497,6904085.5
11013768,1664101.875
11006368,4518387.5
10832912,2167408.875
10911741,3221132.5
10762089,2977139.875
8476937,4059994.75
10973171,4688036.0
10935843,3076242.125
10694580,3852620.5
10996709,2359516.5
10545059,2098682.375
10401321,3943454.125
10782758,3726673.25
10911750,5061794.625
10864288,3307653.5
10870430,1520211.0
10942747,6710537.875
10556988,2116595.875
10961624,3169402.625
11030320,2108201.0
10869522,2128769.625
10992849,3624620.25
10805256,3487134.0
10999817,2657601.375
11032474,4818862.25
10989802,3654602.5
8202873,1802000.625
11031396,1845420.5
10913165,4159184.75
11014436,5775055.125
10985609,5908554.75
10992341,1818015.5
10888602,5614091.75
11014958,4347023.0
10981220,6671507.25
11028256,3323182.125
9161413,6607446.375
10778733,6521491.375
10797230,2404689.625
10965171,3550556.25
8819143,4671757.5
10786709,6042163.875
10960120,5537936.25
10803845,2012504.125
10956924,4802578.375
10997131,2204609.5
10633845,3009148.625
10929564,3621946.625
10235128,2147442.25
7256542,2254688.75
10759036,1471880.125
10739357,1538267.25
10981008,2480162.0
11025580,1301644.75
10839133,1663649.0
8383093,2324534.125
10752533,3453821.375
11028009,4354179.25
11028171,6074995.625
9740177,2885917.75
11031102,5246422.625
10851961,4428678.625
10867819,5503512.375
10814406,2133324.375
11043537,4704124.5
11032266,907682.5
10609389,5427259.875
11028525,4592997.375
10827604,7309753.75
10298437,2753021.125
10333987,5119072.125
11007663,2761093.25
11034022,2493071.5
10912810,3232006.375
10848699,5800564.125
11028484,2448641.25
10613685,5922406.625
10550425,3687927.625
10781613,1829647.0
10928963,6152624.375
11003249,1964468.625
10623726,4304537.125
10738137,4083074.25
7945727,1452267.25
10944268,5494446.125
10958934,7569438.5
10982388,3400840.125
11030969,1650205.625
10963478,5566988.0
10929884,2536670.0
10980070,2019672.75
11033696,4443561.125
10708679,3405650.5
11004165,2559766.875
10608258,2568080.125
11011550,6870394.125
11031780,2583184.875
11026821,2389764.125
10869236,4671700.0
11034992,2872580.25
11033280,5474176.125
10981577,2614251.125
10771851,3618438.125
10936933,5604064.0
11030033,2608408.875
11046999,1771080.375
10846226,3982220.875
10953730,3121077.625
10933694,2135230.25
10730481,1782033.875
10896981,4984897.625
11010491,2188337.0
8452025,2151114.25
10558566,3632996.75
10817610,6097070.0
10545103,1959777.875
10962106,8899191.375
10993382,3375694.75
10805314,2515079.75
10041006,3356008.5
11006984,6069429.375
9701581,4173371.0
10221774,6886119.5
9740170,1628000.5
10746255,2134942.25
10931937,6119181.625
10637194,2821176.25
10781903,7217419.625
10317448,4111200.875
10912975,4810191.25
10953118,5930260.375
10797115,4126432.25
8518124,2182593.75
10708714,3583666.75
10789356,2591267.75
11029499,5570804.5
10511676,2997743.5
8864551,3871527.5
10799179,4286133.0
11031469,3162418.0
10955961,4353274.25
10764273,3807564.25
10884595,2144135.25
10716117,4172662.0
10761639,5930599.375
10539513,948819.75
10823226,6621100.25
10255419,5811763.25
10830677,5538187.5
10677971,7076475.875
10463447,4539933.5
10890022,3294289.125
10962175,6198121.625
9970127,1527886.375
10940011,2784727.75
10985632,2883145.375
10997364,4546762.875
10932870,7906099.625
10289293,4392515.875
10991275,2091794.5
10685074,2648563.875
10609923,5444913.375
10918627,2755883.25
10617019,4274994.625
10640648,2377113.0
10953383,2091023.0
10975430,7060552.75
9784771,4917094.625
10933403,2871419.875
11032936,1746775.375
10734582,4714543.0
10846588,5615183.125
11031496,2089032.5
10888600,5614091.75
10976066,1746452.5
10740733,1880705.5
10826495,5723396.5
10954167,4040874.625
10679117,2315772.875
10838023,2047068.625
11031330,9141261.75
10820548,4982358.0
11007396,3978542.625
10997923,6992941.0
10569890,2632957.0
11024765,2257187.0
10943512,5034960.125
10116578,5494287.75
10867670,1949667.75
10989210,1716005.125
10768083,5480494.75
10968242,5624500.75
10824677,4774985.125
10904502,5043117.0
10980588,5097829.625
10200877,3013875.625
11026582,4133446.0
11015103,6689573.5
11027339,4996086.125
8394071,4018484.5
10941477,1050654.75
10337509,4449516.375
11018767,3263830.125
10825683,1785961.875
10850844,2519194.75
10609989,5942295.5
10919926,6477079.625
10927710,6375239.25
10521602,1322200.125
11028220,4278686.0
10925900,1785221.125
10903257,4239958.375
10979042,3954775.5
11011093,1832741.375
10928769,853372.25
11007726,5620210.75
8590103,1649359.875
10691525,2652223.375
11006884,3092352.625
11032247,3995254.125
10887480,3400849.375
10847947,3954818.75
10513356,3787932.25
7970793,3725366.375
11033808,6828639.375
11030325,3303101.0
11031454,6339336.875
10786481,4264032.0
10946016,4071010.0
10947707,5237343.875
11029905,3479428.25
10848254,2537536.875
10727826,5659896.625
10675166,4340472.5
11004211,5070012.25
10050712,2460764.375
10746309,1893782.0
10797224,1543411.125
10912880,4003443.375
11000496,2538333.625
11028122,5582295.375
11031122,5304595.375
11042833,3763293.75
10881822,2022487.875
10881046,1556615.25
10608582,3939767.375
10466060,2783360.875
10644104,2318307.375
10908357,3365565.0
10908754,5092641.875
10571692,5703826.625
10583192,2413641.625
10977967,4588805.75
10388943,6867291.625
10920134,4193343.25
10918271,2353943.75
10905062,5864810.0
10315390,4308218.25
10989683,2328529.5
11032121,2421516.5
10923976,5796641.5
10836814,3865932.875
11006127,8453754.625
10630511,3022196.625
10752451,2617737.375
10709964,2007245.0
10753060,1626515.875
10971746,2421392.875
10838543,5343348.125
10799656,2349919.125
10806393,3203109.625
9584615,4262611.375
10939776,6317200.375
10990474,1806326.0
10910191,4708531.5
10898849,5659337.625
10874449,6145739.375
10876151,2075533.5
9317081,3053682.5
10637728,4304537.125
10971911,4864896.375
8569744,2093360.625
10668735,2137599.0
8336126,7448519.375
10611275,6665370.125
10770664,2277569.125
11040672,468366.875
10887735,2765105.375
10966789,5517367.625
11007366,1347877.25
10627234,2614240.875
10942926,4676486.0
10848666,3729938.125
11035029,1761465.25
11011705,2062333.25
9813220,1416092.5
11023951,4025845.875
10976436,4240104.0
11033596,3761566.125
10925165,1614865.125
10585843,3797643.25
10952036,2624120.375
10962956,6733241.25
8659826,5832337.25
10951973,6659201.625
11009968,4423668.625
10990495,2902837.875
11008503,1293235.375
10914520,5869227.75
11002550,5421423.875
10985434,3851027.5
10766436,1838584.125
11009186,928251.125
10967875,5175890.5
10609295,3661016.0
9966371,5493660.125
8653144,6003118.875
10852199,5557615.75
10242157,1802947.625
10335962,4174682.5
10971483,2613758.0
11032534,4043167.625
10939923,5011193.0
10952191,3186546.125
10695323,4596906.375
10746376,6063749.125
10612222,5192810.125
10971166,2864644.875
10613422,3580808.125
11030408,2774134.875
10771934,5201707.0
10802442,2304275.625
10720503,4047329.0
10155907,2591084.0
10946546,4816742.875
10729732,5262554.375
10890029,3376563.625
10958360,2679576.25
10762936,2570302.75
11020274,2676335.0
8351520,2736417.375
11009711,4128734.5
11030812,3820388.25
10942165,5038073.25
10847116,5484387.625
10785133,4986669.625
10940721,5227990.0
11032782,5481681.25
10979279,5380374.0
10682691,2548506.5
11033050,6064463.25
10823180,3602268.125
10716444,5023177.375
10955544,6052045.75
10853949,3099875.0
10842568,2962514.75
10986641,1541812.125
11041137,4421240.625
10759936,5610220.0
10885806,2364627.75
10849974,5822280.375
10782857,4661202.125
7899734,2691892.375
10642918,8848924.5
10014689,1832466.75
9819580,3880946.125
8947191,4608110.125
10551859,2614585.875
10852116,4904834.75
10744311,2046495.125
10827282,4198499.5
10578513,1630290.625
10963359,3718205.0
10813125,2201058.375
10612202,3396117.25
10203028,4498788.375
10963861,5409922.5
11011348,4961878.375
10977617,5234085.625
11004120,2009176.125
10765749,3673588.75
9964713,4960848.375
10778785,5507645.375
10872739,3301803.875
10823064,1158145.25
10747202,4996373.875
10958881,4161934.375
10900116,3792598.5
10848148,3750943.0
11032289,5688773.75
10611294,4255474.875
10953361,5539942.0
10903515,2285633.75
10514703,3028651.75
10714430,2143733.875
10936422,5535052.625
11030102,3120094.125
10779425,6229630.5
10935799,5419511.875
7503251,5724057.125
10968572,4556652.0
10966147,2546922.375
6222440,2093065.5
10763174,2061399.75
10919613,4537470.375
10823470,5703826.625
7532302,3153323.625
10049958,6376915.375
10558929,6870206.625
10906725,3311622.625
10703295,5922615.125
10850757,2783906.625
9584616,4324946.375
10848609,5989282.875
10974754,3961023.125
8469352,1843739.75
10983355,5636563.0
9275031,5416722.625
10793649,4074388.25
10790208,5019269.125
10864238,2622990.125
11016099,3048582.625
10819841,4304318.875
10846406,5653072.25
10538346,5970446.875
10962072,5812840.0
10737201,3084261.625
10724605,2023224.5
11027490,5778916.875
10838077,1963728.875
10780028,2456652.375
10975920,2075460.25
10817484,7926863.25
10612745,6458099.5
10700093,1855007.0
10714280,2699856.125
11027055,1509533.625
10979645,5657729.25
10861558,4132846.75
10942619,6993220.125
11024937,2327866.75
5165267,5299375.375
10992130,5024938.5
10772317,2192491.625
10586952,5561663.75
10986585,4242459.875
10785836,4513221.5
7420653,3853677.875
10971718,2309270.25
11027693,2606056.875
10998493,5661690.25
11030009,5616205.125
9541375,4703388.125
10615450,6057737.25
11045054,4028512.375
10624641,6576599.125
8921994,5451948.0
10843490,4637878.125
10306302,1720269.625
9859531,2346575.25
11033802,5669690.25
10720356,4714519.375
10735028,1685250.875
10979119,1752773.5
11025540,4902391.375
10684803,1692219.125
10609862,6029387.5
10942637,1050654.75
10684974,5929826.875
10990402,2974637.875
11030653,1390682.25
10865844,5763722.625
10980607,5578218.875
10576704,5327447.375
11010294,2720022.75
10875402,5128587.125
6348252,4194601.5
10810331,2614495.875
10990484,6038664.5
10749470,1564736.0
10953574,5484249.25
10550456,7622307.875
10944116,2405463.125
10901612,3557974.25
6388044,3960601.125
10908103,5008158.125
11032341,2284504.625
10999302,4575312.0
9977132,5711978.25
10611083,5542527.375
11024599,2022487.875
10970449,3150339.875
10225225,5800702.25
8959583,2055057.75
10810631,5092068.125
11031939,3925623.375
10791335,3335131.0
10958151,1656408.5
11025068,4165840.75
10608683,5624188.375
10927356,2239034.5
10983702,6197584.25
10712524,2073524.375
11040286,3251618.25
11033143,5351332.5
11010795,4818862.25
10944466,4670254.0
10510937,6044538.125
11030118,5909670.625
10946335,2675868.875
10574461,2549174.5
10993607,3323136.375
10848528,5487711.625
10822066,5830509.25
10613647,2277748.75
8371274,2601906.375
9406188,6285078.25
10880158,6688643.125
8684469,2066605.5
10824603,4747060.625
10821919,4923753.625
10755123,2912777.625
10686962,6081838.5
10583076,2084364.0
10925585,9124727.875
10891171,3586923.875
10895307,4797639.5
11033074,5128571.75
10613082,3419243.5
10946539,2575543.375
10613416,4072667.875
10860933,2119278.75
10804069,2881059.25
4157396,6711118.5
7532453,1383044.0
10359922,-393592.375
7442201,3732453.75
10937275,7396806.0
10894936,2987178.625
10522894,3067268.75
10958605,2754927.25
10959027,4709820.75
10998179,2699113.5
10824561,6553519.375
10300729,2326792.875
11005036,1795373.75
11006550,5106325.25
10594177,4937909.25
10771471,6360614.5
10971665,1822136.875
11040178,2280199.875
10608458,5576562.25
6378721,3383365.25
10890006,4349590.25
10889966,6176905.0
11006932,2919895.75
10611143,6672305.375
10421902,3926065.625
10565149,3432781.5
10951951,5235038.875
10795492,4428464.375
11015809,5966185.125
10653288,7425697.625
10912866,1929901.25
10980786,2720713.5
10939050,3084486.5
10763663,2192691.625
10887348,3008133.375
11016085,3821081.75
11010989,3038625.625
10957181,5230313.875
8561745,3359725.75
10776569,6641243.25
10655965,6751556.5
10685520,2013844.625
10404637,1253371.0
11032989,2230999.125
10614102,5726299.625
10927673,6066737.875
11011834,2298624.0
10597732,5605186.75
11028440,4510280.875
11019186,3819958.5
11010908,3354965.375
10784248,2011245.5
10087594,4857727.0
10548129,7352558.0
10655775,2242686.875
10746217,2456427.0
10906152,2436807.25
11029475,3791999.875
10901590,2566210.25
11028555,4994883.0
10936822,7336494.375
10605918,7589399.875
8201777,3832999.75
10856737,4628599.625
10989659,2133702.625
10329337,7360603.875
10957189,5930243.125
10880779,3739505.375
10933738,5213136.75
10743071,5261549.0
11032427,4041173.75
10838771,4691022.375
10923915,4645642.375
11029446,4605605.75
10979567,3225452.25
10983062,2411685.75
11022950,1657002.5
7532431,1771363.125
10667340,6133199.0
10554315,2645542.625
10720180,2960468.625
10872516,3924447.25
10610993,5448768.125
10979354,2142825.0
10867917,4460496.5
10830008,2268870.375
10960073,746952.125
10974562,3058791.875
10997369,5421077.25
11007755,3668512.0
10814833,2459210.625
11033986,4087741.5
11010916,2025704.75
7579697,2818585.125
10630966,3471818.625
10888666,3400849.375
10508758,5853916.875
10907604,1457229.75
10775383,6027703.875
10973758,2185851.625
10946331,5330356.875
10548420,2112672.125
11020613,1613922.375
11011797,3864136.375
11031729,2536441.125
9247456,2294123.125
10928252,3962385.375
10803652,1518935.625
10879698,4198001.875
10934348,2155066.5
10917839,4546375.375
10758017,6507412.0
10694066,3286843.125
10981020,2619132.5
10846502,4038184.125
10536930,1600051.375
10954593,2186822.875
11004630,3870822.5
10810647,3737711.5
10820654,2052382.75
11033138,5303160.625
10973325,2088583.25
9865163,5626086.625
10861661,5916238.0
8494902,2106279.625
10611533,6790040.25
10957311,2928708.125
10918946,5213866.25
11028543,5800821.5
11030392,1980833.75
11023906,5767143.5
9267688,7073363.25
10981665,2223615.5
10788333,4420197.625
10994079,6139167.875
10772040,4214072.875
10996784,2894366.75
10797576,2711417.75
11030873,3788279.125
10542341,3373428.125
10898857,6763632.25
10931589,2343512.875
10879713,4997498.375
10956627,2791102.0
10934028,1436317.5
10612805,5504345.75
11025221,1718478.75
10677829,1541688.0
10959846,2140940.5
10920002,4462343.75
11028637,6636527.5
10980648,6560529.5
9810968,5781677.0
10873442,1684848.5
10995558,1793555.375
11028787,3178468.125
9668813,4959137.5
10970343,4362550.875
10710947,2128894.5
10963370,5326840.0
10969503,5080840.75
11029188,6049230.875
9852655,1601861.375
9986982,3612233.0
10909576,5412901.625
8302590,3463510.25
10972378,2875424.5
10971734,1966117.25
11027141,5044470.5
9593756,5518436.375
10608774,3033572.125
10769806,5704689.5
9029465,4453736.5
11033078,7038807.625
10821164,1008920.25
10797145,1699363.0
10709813,8259038.125
11005887,5002950.375
10769802,5562209.5
10586770,5661241.875
10690281,1910739.75
11034057,1594702.625
10955002,5905660.25
10538929,5362750.25
10975550,6409839.875
10999493,4776491.5
10827312,3838747.625
11024576,2102248.5
10604596,2545408.125
11007139,5770743.875
9643032,5595903.5
10758230,5309788.25
10540579,5068912.75
11030166,6036983.25
10907467,4312447.375
10861737,5985961.0
11010894,3750085.25
10908714,2181745.75
7595441,1681347.5
10938310,2481932.0
10756232,2120111.0
10538067,1611464.5
10895326,5004917.375
10673794,4455195.875
11011070,5800300.75
10685110,2575295.875
11008362,2396281.375
8269062,5272339.25
9812623,5757180.75
10918599,3160443.125
11010748,5561108.25
11029565,2182207.375
10783239,5766326.875
10986581,2209148.125
9502023,4340472.5
10522957,1855007.0
10516750,4194601.5
10961854,2339013.75
10474073,1714647.875
11027073,2536928.375
10609721,5344828.875
10975184,2160388.25
10538727,5280342.25
10855598,5259342.75
8394468,5911297.375
11029641,3131967.0
10644120,3676644.375
1755218,4510469.625
11006033,2659056.25
10891121,2187723.25
11022393,1857733.75
9857220,2122454.375
11030304,2099507.0
10916478,963524.125
10999237,2032639.125
11028063,1995318.25
10975070,5289011.25
11014863,3334800.0
10770642,3151830.625
10790237,1744244.625
10548877,4015932.75
11022625,2459018.5
7169528,1445832.375
10591773,2982731.875
11038690,3159362.0
10989595,3008883.875
10918105,2201525.5
10956820,1518397.625
10714717,3814464.625
10746593,1554671.25
9940882,4563623.75
10958335,2316394.625
10967387,2028538.25
10212564,5153561.5
11042581,4728082.375
11031703,5608346.625
10800341,5362750.25
11011414,7630403.25
10835345,2736806.0
9211192,4533519.125
11029264,7025688.625
10872514,5230042.875
11016298,3027698.875
11030297,2874296.75
10762558,2615731.625
10939073,3649818.0
10557070,4637878.125
10805840,6029404.0
11027993,6050612.25
10737552,2883644.625
10587381,5562769.25
10664515,6079616.25
10699493,2518730.375
10902461,5974577.125
10985048,4575430.5
11013107,2063886.875
8160643,3589309.625
11029858,4609562.75
9801014,2671167.25
11032305,1725705.25
10844870,4525590.125
9457649,5714764.875
10749078,6086733.375
10930367,6174911.625
10910887,5727039.5
10724349,2349204.375
10938069,3306214.75
10867793,6816859.5
10810132,3332481.625
10824139,3115811.25
10880462,3041991.25
10852347,6444299.0
10611360,5639684.0
5585249,3090258.0
11001499,3285211.625
10760470,3925530.875
10916673,2031854.125
11032100,7425793.625
11030764,6099978.375
10925383,2366934.5
10892935,4894026.75
10390358,2493626.5
10969373,2160416.0
10847828,3797550.0
10658527,5739883.875
10960844,887113.875
10820351,4302231.5
10854022,1820244.625
10911843,2654035.0
10835498,3311757.25
10730261,969763.5
10941253,2966886.125
10984546,2494490.875
10787761,6474833.75
10784637,6742647.625
11027698,2690865.625
10968086,2138678.5
10939062,4086697.5
10577252,5521134.125
11018108,6003946.0
10656989,2066628.5
11032377,5901002.75
11033352,5734644.75
10977559,4071185.125
8923857,3557820.375
10641834,1782033.875
10933624,5500426.125
10772318,2174572.875
11011055,2983134.125
10725964,6067927.875
10958785,6439250.375
10777702,2022920.375
10958878,6022021.0
10966579,3785633.25
10814989,6680057.625
10608667,6432169.25
10825214,2335944.375
7991762,4017542.25
10761185,6400803.625
10903017,5506345.5
10883745,3786814.25
9743202,3653625.125
10538349,6323439.375
11009747,4689164.375
10870361,5120344.0
10904254,6489918.625
10733087,5904432.875
10932757,2642864.125
10820661,5850957.5
11008484,6275391.75
10979987,5935250.625
10611183,5473231.25
10050257,2410722.125
10811337,2424083.0
11033323,1992206.25
11028715,3571374.5
11033187,2379619.5
11017403,4876716.25
10852326,4683992.75
10983931,6492999.75
10570522,3793290.75
10990337,2253612.5
10982659,1944608.5
10863423,2748349.125
9845801,1840502.625
10809817,3917939.0
10142790,3350474.625
10846232,6077370.875
9394608,4187641.5
10961971,5736919.75
10771371,2874190.0
10722108,6401195.375
10885130,1302348.875
10812180,3223747.375
10999111,4255064.5
10944045,2222094.125
10983506,2422578.125
8672983,5528894.875
10958353,5278650.125
10387498,2525286.625
10605668,6795733.125
10642408,4971815.125
10550289,8108247.625
10933237,4470583.125
10764826,2634164.625
10945118,3847113.625
10899775,5373681.125
10929592,4101555.25
10968696,4207913.375
10819357,3678646.0
11011646,4325283.875
11032433,5661848.0
10935836,4939228.875
10975922,5937863.25
11029822,1010525.625
10863287,1877535.25
10861315,1368447.75
10826845,5967106.25
10717107,5941426.0
11004079,4336833.0
11026927,3270585.25
10360259,2377573.125
10760065,2540261.75
11011460,6237128.25
10912162,1639476.0
10919020,5080774.75
11033250,5676073.75
10800518,4427062.75
10967593,1959322.875
10141982,2165905.5
10572592,4933100.125
10993623,4997267.125
10947314,3389494.875
10623192,5701714.25
10983483,4262611.375
10271378,5498551.875
10909594,4179455.25
10626290,6337413.375
10824218,3165056.375
10763528,4969204.5
10777979,1772275.625
10848185,6155054.5
10968153,2990997.5
10812095,4692510.625
9199357,8137573.75
10971271,2478682.625
8823314,2173725.125
10941855,5810819.5
10971792,2552535.0
11018989,5424652.25
11030418,1740783.125
10638794,3846682.125
10613102,3109456.625
10733852,2558775.375
10867723,3855500.875
10078241,5479034.125
10556989,4648486.5
10620123,5545520.75
10978655,3338136.0
10918577,4661072.125
11029666,4864769.25
10797015,4087303.0
10948449,6776034.25
11033999,4185696.5
10932621,2497083.5
10880663,6980493.75
10979130,6239469.625
10908407,2878187.375
10921237,4595258.125
10976440,5724267.125
10231092,1652369.375
10964037,5077128.125
9245360,5756058.375
10983344,3429684.625
10936699,4271077.875
6977756,3966760.625
9275020,4930121.75
10949160,5623369.625
10947505,2124326.875
11006463,5433257.625
10856419,1864284.625
10897855,3057274.875
10169415,2519197.375
10474301,1714647.875
10839254,3716533.5
11047830,5243364.25
6848663,2380257.25
11022305,2476482.125
10587723,2413651.125
10749332,3049098.5
10586918,5195375.375
10904931,5590776.25
10611851,5606292.625
10638066,3212835.0
11029555,4378376.375
10983516,5252002.25
11023727,5826918.125
11034091,6147125.625
10874675,3134374.0
10888421,4736448.625
10425513,6020654.875
10889080,2826879.125
10532128,3673264.5
10520533,2076814.25
10810303,2746238.25
10748275,4029609.25
10137006,3677495.0
10160049,2887212.25
11031791,3841867.625
10932582,5732534.25
11033960,1435638.125
10075699,3092436.25
10861604,5144654.625
7345431,1652106.5
10985662,8809603.75
10728889,2328719.875
10826750,6005007.625
10865861,6746060.25
10658021,3565076.375
10865369,7154152.875
10885984,2575705.75
10725929,1296909.5
10710688,2366472.5
9257188,6054760.0
10672375,4192772.5
5186189,4495741.375
10932617,2270828.625
10329484,6698380.75
10914426,2307776.75
10844601,1983384.125
10751380,3764434.5
10678013,1936315.0
10829951,3659184.875
10820931,3664550.375
10988121,1664706.375
10618086,5135094.125
10299933,6527763.0
8007088,5114763.75
10099469,3609277.125
10604579,3644828.25
7865100,4271804.0
10664150,4943490.75
10841420,1859463.375
11008508,1972371.0
10593924,5507633.625
10926807,1149007.5
10833423,3629196.125
11033438,2111236.25
11031553,1854313.5
10825521,2073296.25
10987303,4671748.5
10987002,2457875.375
10989632,5711453.25
10980379,4028128.25
10612245,4302453.375
10891882,2095787.125
9701706,2066628.5
10771132,2511397.75
11005124,2247058.25
10937761,2091738.375
10842963,3699016.0
10968230,5253895.125
10878893,3998940.375
10836351,2700468.625
11026837,5657440.0
10978730,2438915.375
9325208,4182279.125
10957271,5468338.75
10742252,1452388.125
10546095,2002658.125
10631427,2571751.25
10741514,1180164.75
11026814,2051928.25
8266520,3526974.625
11017124,4483232.375
10607873,3462913.625
10691775,3159019.625
10653793,5051740.75
11020566,6332151.625
11010803,1910952.75
11008424,5116701.625
10839679,5446904.5
10926827,4653884.25
10889848,3774031.25
10866938,5028246.5
9745877,4830726.0
10202871,2524555.25
10977224,3341070.5
10991573,6081827.375
10705619,1853808.5
10634516,2344664.375
10834541,4409567.25
11032870,1421528.5
10895074,8163022.625
10645999,3136415.25
10966774,4252955.5
11003034,1858412.75
10940589,3711226.125
10872678,5091436.5
11033791,5414242.125
10936950,2354581.75
10508661,4437226.75
11007966,5116701.625
10747506,5584785.0
10837355,3730939.25
9981206,3661446.375
10833070,5797013.25
10978705,2699209.75
10955487,5660681.125
10852255,6712440.5
10682249,2361290.5
9433513,5625284.0
6168360,5446682.5
10885240,3371816.875
10784293,1641986.25
10818641,1643518.875
10839140,1832076.125
10916722,2047505.875
11020796,5872856.125
10937632,2380536.25
10955307,5014033.875
8506839,4162318.5
10920812,1742761.375
10850891,3162389.0
10611239,4762519.5
10936197,2116614.25
10669737,3811929.25
10611849,4383823.75
11015361,1597210.5
10635113,2634255.5
10915932,4921654.125
10901417,2663429.375
10880927,5216098.125
11022290,2734358.625
10907015,1668656.75
11034817,3116096.25
10967385,4376598.375
10852010,5340199.875
9390225,3443948.125
11010288,3972575.0
9615989,2520467.0
10960951,6610330.875
10503161,3056400.75
10909520,2330828.75
10197024,4250185.125
10769561,5314840.25
9809232,5623359.125
10904033,4412011.375
10299924,2025792.125
10921022,1579622.0
11034497,2569180.5
10609466,5940337.375
11025439,5861735.625
10925980,4828721.25
10995129,2562134.25
10754020,4863365.625
11025677,5299731.75
10872466,6053654.625
11022927,1864369.125
10791000,5594222.25
10851705,5381649.875
10914936,1967187.125
10949189,5090615.75
10959445,2346160.0
10612200,6065761.75
10915624,2458224.25
9958296,3583888.75
10866051,4500156.0
10613363,6964500.5
10725154,2675155.375
10903377,2045791.125
10982611,4850616.0
10683459,3718838.625
11011763,3182739.625
11030397,5731956.0
10821276,5911739.375
10724295,3350367.75
10819287,3381337.75
10622822,6736158.0
10918055,6975572.25
10868827,3694269.625
10967090,5430457.25
10542009,3094639.375
10811787,3624803.625
10768942,3175875.125
10824049,3876145.125
8577880,6279748.125
11032254,907682.5
10903228,1994410.75
10577235,4409942.375
11011440,1471290.875
11000046,4097090.625
10953428,2065649.5
11028529,2560919.375
10562027,2499020.875
9994299,3849092.25
10610598,2209589.0
10939847,4513040.75
10928642,1701287.0
10842154,2296784.125
10991980,2305667.625
9763903,3593350.25
11043106,1616617.75
10877623,8669816.0
11032794,6423325.625
10976393,1784636.25
7870211,5337642.25
9750582,5258213.875
10917644,5770841.625
10823602,1646200.375
10667858,5059951.625
11034110,638254.375
10804381,2516101.375
9978289,1644425.75
9665352,2519733.5
10843851,4555119.5
11002055,2211997.0
11019056,1735435.5
10235318,1609944.625
11032323,6760465.75
11026314,2481094.75
10702055,3344948.375
11025521,2019991.0
11023044,2720759.375
10985009,5721019.875
11010671,3095073.875
10562477,1993761.25
11029904,5993747.5
10611452,1970160.875
10851152,2360600.0
10794227,3903939.625
10517025,1623838.375
10949281,2949860.25
10402995,3021478.25
11033278,1890655.5
11016278,4716920.25
10770803,2252494.625
10632652,2251419.25
10727184,1598250.875
11028846,4598673.25
10931230,2341440.0
10878138,3883042.0
11041130,2173041.625
10713412,1814901.375
10988550,2316403.875
10999349,2552906.875
11014664,1760986.75
10144235,7006918.5
9112830,4587473.75
10812901,3706945.375
10605925,4033425.25
11031797,4117605.5
11003376,5869007.125
10806414,3914086.375
10857168,4654085.875
10682675,4923325.5
10814189,2092402.625
10845096,2270048.0
9824859,951578.375
11017118,3090123.625
10938914,5801779.625
11011830,5348592.375
11006977,2168709.25
10767988,4401529.875
10882143,3800855.25
8652686,2379629.5
4733828,3142488.125
10936897,5740005.875
10731032,6363730.25
11033219,4046414.5
10060918,2090594.0
10969662,5529405.75
10679090,1607383.875
10655005,3316299.25
10953035,7131000.5
10967776,1834344.375
10665241,2620462.5
10867374,6480354.125
10826774,5973645.25
10905425,6101586.25
10609821,5404079.875
6549688,2884668.0
10954937,5557100.0
8048280,3401664.875
10465754,2169235.125
11010833,4839519.5
10879008,3915274.25
10848415,5257081.25
10816922,1876362.625
10717774,1080128.375
10399459,2434040.25
10826329,2615711.0
10975927,4053411.125
10973590,5368407.25
10989065,6222538.125
10919887,3537857.625
11031889,3386584.75
10680660,5264557.0
10692479,5059951.625
10936071,4844944.875
10899561,2006741.5
10971996,3417813.625
10927031,862277.25
10961742,3759338.875
10612749,6749384.75
11032310,4426409.625
10974812,4832840.25
11029669,3503833.0
10926689,1840402.75
10903700,6226193.875
10622973,6118516.125
10927913,2100239.375
10975546,5344828.875
10880233,2030032.5
10915044,2978575.0
10826288,2710688.625
10075657,5040460.625
10946346,4147370.625
11037037,1873099.875
10906948,2859202.625
10797236,3989410.375
10998492,4607153.75
10538683,6134820.375
10932574,3983204.875
10966113,1585937.875
11028424,4425296.0
9824857,1013284.25
8231199,4492754.5
10314693,1682566.125
10611916,7163504.875
11008496,7707053.5
8338961,3526974.625
10911724,4348098.625
10823780,3839992.375
10547838,2568141.625
10610021,5371802.875
10829886,6333511.375
10098700,2885631.5
10952272,3746970.75
10756967,1593150.875
11033769,3094391.5
10984827,5577350.75
10746162,5460332.125
10990720,2300850.75
10933736,2410632.875
10315289,1835229.0
11017217,1371914.375
10534113,7175618.75
10611151,6270953.75
11033582,5082113.0
10887717,3279321.0
11033895,2093065.5
10587071,5799606.0
10852381,2553330.5
11030336,1838783.5
6614212,2755739.75
10906406,1898920.875
10952510,1736288.75
10560535,1542892.125
9962489,5973701.25
11003561,4962286.375
11038803,4136791.125
11023524,2162643.125
10848120,5638725.125
10678301,3998766.75
9870439,4098207.375
10562459,3533015.375
10224224,3938893.375
10779104,3682772.375
11007735,3263985.75
10868322,5419327.0
10836398,5057997.5
10994853,4270315.375
10807041,2562159.5
10217146,2441024.25
10885823,5963197.5
10344809,6195724.875
11008807,2975115.125
10744627,3113489.75
11015358,6986469.0
10892527,3526974.625
7417021,4698324.125
10951175,5771487.0
10979927,2970428.875
11003717,3347943.5
8642626,3446879.125
11039881,4972411.625
11033386,3553689.625
10608823,5658671.0
7827298,2754227.375
10832204,4959137.5
8965561,3245948.625
10840057,5791659.125
10889000,5091232.25
11043501,7501366.625
10827371,4459735.625
10719399,4337868.75
10881162,3307653.5
10787565,2529428.625
10957771,5144666.25
10215524,4150759.375
10693962,7016295.125
10975796,7176962.25
10944453,4490433.375
11030707,3159622.625
10753113,1558973.125
11029525,1864308.375
10466937,1587735.125
11033414,4025845.875
10891319,5669462.875
11033879,6672897.0
11047108,4530182.0
11007712,6671166.0
10644464,2416890.25
10997005,4288761.5
11028582,5557615.75
10532239,5948562.125
10786240,4990510.875
7867852,3796182.0
11015082,3065677.625
10788380,1840867.625
10691791,3918973.125
10968245,4591522.125
10935155,4355347.0
11006886,3092352.625
10705725,1441305.375
10813515,1996460.625
10987619,1916602.5
10638475,5897204.375
10876201,2537904.25
10933119,5859851.875
10880911,4060441.5
9682014,3936867.625
10819454,2414930.5
11028535,5518086.25
10985627,2314081.125
11031603,1594114.625
10508942,5559627.25
10997229,4161466.125
10059587,3297463.625
9408556,5120330.5
10550238,2789564.0
8732295,6387343.375
11031373,2386893.5
10466038,2492012.375
10841475,5167126.625
9715017,3936867.625
10609690,6665571.25
11028801,2960035.875
10783099,3004105.625
10767232,3665091.875
8083122,3589309.625
10786774,1768775.375
10765056,5333383.375
10937818,2516942.25
10933782,7829594.25
11046193,4657042.375
10809579,6310585.375
10884967,3646211.625
9519830,4519354.5
10724932,2221621.75
10832417,5470576.75
11030603,2679734.375
10020072,7865088.25
11026252,5701186.375
10956049,5231826.375
11030140,7183772.125
10986637,3890245.875
10361438,3175875.125
10897746,2875274.5
10844003,5765080.125
10837309,2881398.875
10782719,4583560.375
11010977,5590776.25
10955275,5576544.25
10967235,2001919.25
10822436,4022970.0
9809274,6881223.25
10979293,5921428.125
10959129,5612522.875
10653085,1181432.625
10938322,2391890.875
11033720,4247851.875
9598824,6335563.75
10682935,6155041.625
11032141,4011856.875
11028684,3640645.125
10982541,3153387.5
11010007,2348927.0
10959125,1371914.375
10927164,3380912.25
10185480,3659318.125
10915266,3881147.0
11012254,2469777.625
10862285,3641602.25
10642496,6074962.375
11028989,5405553.125
10613355,5475275.25
10979584,4374375.5
10863533,464982.25
11033642,5612768.375
6054980,6570274.375
10731611,4979110.875
10932624,3068088.25
8291346,3114614.0
11016173,3826770.5
7891642,3860484.375
10944723,5623369.625
11007545,3655284.5
10584459,5129565.625
10979250,1557530.625
10968768,4287794.5
9739372,4351298.875
10592772,6001954.375
11005907,5361700.625
10940197,6385539.875
11011624,5654656.875
10752174,4990386.5
10652295,1474757.5
11028735,5644947.0
9794888,5216897.375
10534946,6898168.875
10963569,3718205.0
10855711,4242394.875
10748716,2154005.125
11045140,2388480.375
11006458,3851294.75
10976212,2522113.25
11007629,4789840.375
10963608,3718205.0
9211286,4604759.125
9071862,4778902.625
11028984,3397776.875
10862983,2105173.25
11034016,4037287.5
8803234,6084044.0
11044247,2597354.25
10961418,5103308.625
10891131,2365990.0
10837271,2764676.25
10383122,5549593.625
10608537,7584511.625
10688118,2113549.375
10930069,2006672.5
10915088,3752358.125
10848354,5470787.5
10622993,5699101.625
10943908,1826612.375
10716815,2826216.875
10534162,2333964.125
10629978,3306408.5
10847505,2522622.25
11021813,1737950.25
11033561,1701855.625
10795410,5052607.875
10772278,1874824.0
10850771,5794025.5
9982816,5774181.125
11026980,5414179.75
10952037,5663633.375
10823660,5747353.0
10917379,4561481.0
10976615,4133893.875
10980351,4848384.625
11019778,3056549.125
10858488,5449777.375
10991286,1663649.0
10964866,1560072.875
7595148,5465993.125
10377513,2128980.625
10799944,6318777.625
10850718,3248080.25
10936153,6796887.25
10859486,5988619.125
10612038,6351866.375
10534659,2149564.5
10963440,3807255.125
10908080,1718478.75
10876512,1550086.25
11018580,7771934.875
10769562,5314840.25
10984671,5750247.875
10808993,3904716.5
10574056,6078368.0
10543692,3332481.625
10956155,2161793.25
10850599,4815559.625
11010005,6091783.375
9859977,4991236.0
10858411,6732150.625
10995333,2725632.625
11006151,2130687.625
10982870,5087772.0
10645559,3421020.75
10794854,3570799.125
11032562,4807092.0
11039803,5629915.125
10980763,3851101.75
11032294,5906752.25
10991074,2128568.75
11010466,6749157.125
10882327,3104170.0
10611445,5717217.875
10802866,2846558.0
11008096,4661949.0
10762137,4957498.75
10911546,1447406.25
10795143,1900344.375
11008370,2261846.0
10253847,1010525.625
10998638,3957981.125
9817199,5405842.125
11029124,5319129.25
10914401,5031835.5
10936048,5975957.5
7532412,1566964.125
9211193,4533519.125
10762027,4516445.0
10979774,6026408.25
11028061,2736342.375
11031972,4007897.875
10977855,3188073.75
10895030,2178301.75
10466031,1819541.25
10863769,3804810.75
10853739,6811107.125
11005214,1997068.75
11027289,1752560.25
10535322,7268577.5
11030402,2323644.25
10556059,2046865.625
11006993,1543975.375
8780936,5438631.5
10397793,2378489.875
8420138,5777505.375
10388632,2030032.5
9910431,2908654.25
10852372,3853717.5
11006491,4336657.625
10906001,2406585.0
10847271,5937031.625
10903056,7226047.125
10705774,5606848.375
10935746,5455354.375
10969134,2222094.125
10980318,5978820.125
10820355,1965795.0
10851867,3835459.125
10782647,4083817.0
10598446,4594310.5
10586747,6382591.25
10983720,1464337.875
11013422,3236807.125
10569926,2416187.625
10897027,5455569.125
10931328,2842221.625
10893179,6737261.5
10299688,1854843.5
11021725,4051258.25
10946368,4592969.125
10906441,1339556.25
11029067,3961023.125
10390703,2077514.0
10957336,5315603.25
10945216,1911001.5
11028013,3894068.875
8304378,2049885.75
11030324,4510280.875
10807701,2556750.0
10816856,5701263.125
11031047,5734624.875
11031068,3038625.625
10851161,3853388.75
10846626,4907248.875
10985483,5845562.5
10693136,2231588.75
10884988,5487711.625
11044696,2199036.5
10873478,2976605.5
11034556,1911144.375
11000780,3036712.375
10900087,3064225.375
10966889,2232201.0
10768982,5583762.125
10562001,6766030.125
10648776,3330751.25
3948095,4046905.625
10508750,6582116.0
10135058,4631998.75
8719950,5902266.5
10915551,4713639.25
11001438,3532697.75
10738422,4051519.75
10895391,5252371.375
11029506,1771326.5
10038473,3111679.75
10874633,6462901.5
10966238,6474833.75
11000032,3750085.25
10865261,4521234.375
10677780,2751836.375
10609595,6354650.25
10609962,7000884.5
10783317,3157014.375
10809836,3520087.5
10558845,2845488.0
8227268,4949994.0
10534537,7169028.625
7379852,6099599.375
10978591,4960663.75
10949083,1700442.5
10747678,4729856.875
10229132,1917742.875
11007029,4962048.625
10868256,1904573.25
10787120,3526170.875
11015667,7185575.0
11008369,2344120.5
10559120,2861358.875
10708878,4313878.375
10895226,3018244.375
9507204,5005575.375
10870625,4007674.0
10963465,2425200.125
10665842,3207261.625
10140719,778180.625
10669155,3638939.0
10638182,2918979.625
10305731,2618239.875
10823712,3879246.0
10845673,2684655.5
10736490,4199696.875
11002157,6971179.375
10854487,4729830.875
10932443,6574367.125
9238274,6149484.125
9968704,6521167.5
10960551,3478545.0
11004369,2663800.25
10797182,2473574.375
10710497,1610960.125
10833515,1247131.0
10621632,4422761.0
10946619,3412436.75
10987445,5050710.875
11020441,4406681.875
9744263,5382167.25
11031724,4242371.875
9593747,4960595.5
9144533,4343511.375
10548490,4950232.5
9225076,5591261.75
10854965,1536499.625
10996375,3145608.375
10930080,6328105.25
10912952,5549405.75
11007485,936148.0
10713853,2117992.375
8279961,4128210.75
10986609,5032647.75
10930823,1849458.5
10675659,1911190.375
10929451,2866856.625
10810651,3199726.25
10975874,6877951.25
10633988,1618321.125
10548030,2207969.625
11027954,2627334.875
11015121,2367732.125
11003421,2585936.0
10994277,5062513.25
10888989,5108017.0
10543141,3938380.875
10556346,5704241.0
9811345,2959739.125
8820263,3850958.875
10892642,1852541.875
10966173,2200805.75
11029272,5582356.625
10928019,5341142.5
10934632,2191944.75
10861222,6837507.5
10982523,3439218.75
10891424,2519197.375
10845195,3553096.375
10782796,6037566.625
10976644,6251560.875
10984787,2765052.125
10900153,2078938.375
10933665,7492024.25
11010985,1571239.5
10775644,6430164.625
10977323,2272119.75
11029406,6274372.75
10983020,3127300.125
10841047,5216222.75
11029333,4994883.0
11007952,5949162.0
11015543,1249869.0
10975600,2191063.75
10965165,3539206.25
11016410,1758116.125
11030260,2914452.375
10892906,3003191.375
10739080,3925376.75
11026594,3634342.75
10862767,4557539.375
10599029,4435653.875
10786060,3189180.75
11030210,1771062.5
11007754,6371829.375
10911731,2741282.125
11022628,7361285.375
10923883,2163957.25
10509822,6641302.25
10989575,3538244.25
10543394,4685209.0
11036886,4365253.625
10747570,6235127.5
10983498,4139086.25
10646810,2594383.625
10979171,3998736.75
11029980,5842511.625
9966528,3361544.125
10984887,1822696.875
10679893,3846175.125
11027657,2262518.375
10605936,4929463.625
10907017,4933010.875
10855719,3798808.0
11032227,5586559.25
10931788,2711387.875
11010968,5613705.25
10918046,5541730.5
11039839,2174462.5
10609036,5365963.5
10532865,5549399.375
10736521,6833949.625
10796974,5685331.875
10619770,2463907.125
10988787,7740692.625
11020216,5173434.5
11032406,3623387.125
10888606,7029724.375
11023166,5497316.5
10270151,1175722.5
11004028,4536970.75
10888491,6775204.25
10945357,4576137.125
10632828,1728754.5
11029644,4681479.625
10813011,4790445.625
10928173,6796352.75
10911507,5210105.875
11028479,5094014.0
10187898,5643382.75
11011403,5519702.75
10609571,3661781.25
10928561,2024005.125
10939958,5747721.0
11008529,3932379.125
10974572,3107830.875
10705658,5665228.875
10605801,6582116.0
9951427,6872476.375
11032439,2163680.0
10938936,5750030.75
11031960,6127725.625
10948480,5040494.25
10889925,2770119.75
10535343,4052166.75
11011086,3158793.5
10967200,1628259.875
10695302,2246978.375
10895188,1987789.75
10870893,2134133.875
10724185,2694691.25
9267681,6019661.375
9593748,4969500.5
8794108,3691523.625
10844482,3021741.75
10932808,6243581.5
10817829,3145461.125
11029946,4092554.875
10817739,-3629.25
10866998,2540646.875
10707811,10265003.875
10845229,3054691.25
10727166,3233344.375
10619987,6048574.25
10811608,1989032.25
10848317,5550818.875
9584613,4253706.375
11006354,1726412.25
10979841,1633261.0
11033094,5447640.125
11028606,3378394.5
10933851,5758299.375
10826178,5615473.375
10783700,4043297.625
11030318,2234132.0
10973204,2513359.0
10713135,2791391.25
8885290,5850069.0
10976358,5826650.0
11027116,2244768.125
10733076,5919688.375
10120681,5726260.25
10624872,1767408.75
10689174,5448970.625
11032237,6599851.5
10842636,3010399.0
10854110,1724375.5
9400862,4236390.875
11033468,4329736.875
11033724,2875506.125
10723659,5997155.25
10978831,2242051.875
10786947,6816589.5
10685857,3406250.125
10992734,2931521.125
9973763,4305977.375
10907290,5736497.625
10989128,4718606.25
10988863,2337403.875
10077042,3453908.625
10751618,3324949.625
10917133,5345709.625
10389474,3180981.125
8669693,5640108.375
10938438,2483056.5
10150188,2413235.125
10831284,5585972.875
10587594,2091678.75
10691915,2658823.375
10963410,5727798.875
10948078,2720022.75
10998660,6449050.25
11029106,5614125.125
10986769,2475333.625
10850341,6297026.625
10958972,1801532.375
11005955,5231829.0
10610028,4588805.75
10979295,2787655.625
10915910,1686246.5
11007478,5356580.125
10889363,6387402.625
10975839,6382591.25
10986832,2950184.5
10687627,2212820.125
10910437,2563036.25
